-- MySQL dump 10.13  Distrib 8.0.28, for Linux (x86_64)
--
-- Host: localhost    Database: easygoband
-- ------------------------------------------------------
-- Server version	8.0.28-0ubuntu0.20.04.3

/*!40101 SET @OLD_CHARACTER_SET_CLIENT=@@CHARACTER_SET_CLIENT */;
/*!40101 SET @OLD_CHARACTER_SET_RESULTS=@@CHARACTER_SET_RESULTS */;
/*!40101 SET @OLD_COLLATION_CONNECTION=@@COLLATION_CONNECTION */;
/*!50503 SET NAMES utf8mb4 */;
/*!40103 SET @OLD_TIME_ZONE=@@TIME_ZONE */;
/*!40103 SET TIME_ZONE='+00:00' */;
/*!40014 SET @OLD_UNIQUE_CHECKS=@@UNIQUE_CHECKS, UNIQUE_CHECKS=0 */;
/*!40014 SET @OLD_FOREIGN_KEY_CHECKS=@@FOREIGN_KEY_CHECKS, FOREIGN_KEY_CHECKS=0 */;
/*!40101 SET @OLD_SQL_MODE=@@SQL_MODE, SQL_MODE='NO_AUTO_VALUE_ON_ZERO' */;
/*!40111 SET @OLD_SQL_NOTES=@@SQL_NOTES, SQL_NOTES=0 */;

--
-- Table structure for table `easygoband_providers`
--

DROP TABLE IF EXISTS `easygoband_providers`;
/*!40101 SET @saved_cs_client     = @@character_set_client */;
/*!50503 SET character_set_client = utf8mb4 */;
CREATE TABLE `easygoband_providers` (
  `id` bigint unsigned NOT NULL AUTO_INCREMENT,
  `access_group_name` varchar(100) COLLATE utf8mb4_unicode_ci NOT NULL,
  `access_group_id` int NOT NULL,
  `total_uses` int NOT NULL,
  `event_id` int NOT NULL,
  `structure_decode` tinyint(1) NOT NULL,
  `name` varchar(100) COLLATE utf8mb4_unicode_ci NOT NULL,
  `modified` timestamp NOT NULL,
  `id_remote` int NOT NULL,
  `basic_product_id` int NOT NULL,
  `created_at` timestamp NULL DEFAULT NULL,
  `updated_at` timestamp NULL DEFAULT NULL,
  PRIMARY KEY (`id`)
) ENGINE=InnoDB AUTO_INCREMENT=208 DEFAULT CHARSET=utf8mb4 COLLATE=utf8mb4_unicode_ci;
/*!40101 SET character_set_client = @saved_cs_client */;

--
-- Dumping data for table `easygoband_providers`
--

LOCK TABLES `easygoband_providers` WRITE;
/*!40000 ALTER TABLE `easygoband_providers` DISABLE KEYS */;
INSERT INTO `easygoband_providers` VALUES (3,'Abono',1,0,1,0,'TKT CE ABONO AMR 95','2017-05-30 17:42:27',80,27,'2022-03-20 04:49:12','2022-03-20 04:49:12'),(4,'Jueves',6,0,1,0,'TKT CE JUEVES 70','2017-05-30 17:42:27',81,28,'2022-03-20 04:49:12','2022-03-20 04:49:12'),(5,'Jueves',6,0,1,0,'TKT CE JUEVES MR 70','2017-05-30 17:42:27',82,28,'2022-03-20 04:49:12','2022-03-20 04:49:12'),(6,'Viernes',7,0,1,0,'TKT CE VIERNES 70','2017-05-30 17:42:27',83,29,'2022-03-20 04:49:12','2022-03-20 04:49:12'),(7,'Viernes',7,0,1,0,'TKT CE VIERNES MR 70','2017-05-30 17:42:27',84,29,'2022-03-20 04:49:12','2022-03-20 04:49:12'),(8,'Sábado',8,0,1,0,'TKT CE SABADO 70','2017-05-30 17:42:27',85,30,'2022-03-20 04:49:12','2022-03-20 04:49:12'),(9,'Sábado',8,0,1,0,'TKT CE SABADO MR 70','2017-05-30 17:42:27',86,30,'2022-03-20 04:49:12','2022-03-20 04:49:12'),(10,'Abono',1,0,1,0,'TKT SE ABONO 102','2017-05-30 17:42:27',87,27,'2022-03-20 04:49:12','2022-03-20 04:49:12'),(11,'Abono',1,0,1,0,'TKT SE ABONO MR 117','2017-05-30 17:42:27',88,27,'2022-03-20 04:49:12','2022-03-20 04:49:12'),(12,'Abono',1,0,1,0,'TKT SE ABONO AMR 117','2017-05-30 17:42:27',89,27,'2022-03-20 04:49:12','2022-03-20 04:49:12'),(13,'Jueves',6,0,1,0,'TKT SE JUEVES 65','2017-05-30 17:42:27',90,28,'2022-03-20 04:49:12','2022-03-20 04:49:12'),(14,'Jueves',6,0,1,0,'TKT SE JUEVES MR 65','2017-05-30 17:42:27',91,28,'2022-03-20 04:49:12','2022-03-20 04:49:12'),(15,'Viernes',7,0,1,0,'TKT SE VIERNES 65','2017-05-30 17:42:27',92,29,'2022-03-20 04:49:12','2022-03-20 04:49:12'),(16,'Viernes',7,0,1,0,'TKT SE VIERNES MR 65','2017-05-30 17:42:27',93,29,'2022-03-20 04:49:12','2022-03-20 04:49:12'),(17,'Sábado',8,0,1,0,'TKT SE SABADO 65','2017-05-30 17:42:27',94,30,'2022-03-20 04:49:12','2022-03-20 04:49:12'),(18,'Sábado',8,0,1,0,'TKT SE SABADO MR 65','2017-05-30 17:42:27',95,30,'2022-03-20 04:49:12','2022-03-20 04:49:12'),(19,'Abono',1,0,1,0,'ECOM CE ABONO 127','2017-05-30 17:42:27',96,27,'2022-03-20 04:49:12','2022-03-20 04:49:12'),(20,'Jueves',6,0,1,0,'ECOM CE JUEVES 65','2017-05-30 17:42:27',97,28,'2022-03-20 04:49:12','2022-03-20 04:49:12'),(21,'Viernes',7,0,1,0,'ECOM CE VIERNES 65','2017-05-30 17:42:27',98,29,'2022-03-20 04:49:12','2022-03-20 04:49:12'),(22,'Sábado',8,0,1,0,'ECOM CE SABADO 65','2017-05-30 17:42:27',99,30,'2022-03-20 04:49:12','2022-03-20 04:49:12'),(23,'Abono',1,0,1,0,'ECOM SE ABONO 117','2017-05-30 17:42:27',100,27,'2022-03-20 04:49:12','2022-03-20 04:49:12'),(24,'Jueves',6,0,1,0,'ECOM SE JUEVES 65','2017-05-30 17:42:27',101,28,'2022-03-20 04:49:12','2022-03-20 04:49:12'),(25,'Viernes',7,0,1,0,'ECOM SE VIERNES 65','2017-05-30 17:42:27',102,29,'2022-03-20 04:49:12','2022-03-20 04:49:12'),(26,'Sábado',8,0,1,0,'ECOM SE SABADO 65','2017-05-30 17:42:27',103,30,'2022-03-20 04:49:12','2022-03-20 04:49:12'),(27,'Abono',1,0,1,0,'OFP SE ABONO 95','2017-05-30 17:42:27',104,27,'2022-03-20 04:49:12','2022-03-20 04:49:12'),(28,'Abono',1,0,1,0,'FEST SE ABONO','2017-05-30 17:42:27',105,27,'2022-03-20 04:49:12','2022-03-20 04:49:12'),(29,'Jueves',6,0,1,0,'FEST SE JUEVES','2017-05-30 17:42:27',106,28,'2022-03-20 04:49:12','2022-03-20 04:49:12'),(30,'Viernes',7,0,1,0,'FEST SE VIERNES','2017-05-30 17:42:27',107,29,'2022-03-20 04:49:12','2022-03-20 04:49:12'),(31,'Sábado',8,0,1,0,'FEST SE SABADO','2017-05-30 17:42:27',108,30,'2022-03-20 04:49:12','2022-03-20 04:49:12'),(32,'Abono',1,0,1,0,'TKM SE ABONO 95','2017-05-30 17:42:27',109,27,'2022-03-20 04:49:12','2022-03-20 04:49:12'),(33,'Abono',1,0,1,0,'TKM SE ABONO MR 95','2017-05-30 17:42:27',110,27,'2022-03-20 04:49:12','2022-03-20 04:49:12'),(34,'Abono',1,0,1,0,'TKM SE ABONO AMR 95','2017-05-30 17:42:27',111,27,'2022-03-20 04:49:12','2022-03-20 04:49:12'),(35,'Jueves',6,0,1,0,'TKM SE JUEVES 59','2017-05-30 17:42:27',112,28,'2022-03-20 04:49:12','2022-03-20 04:49:12'),(36,'Viernes',7,0,1,0,'TKM SE VIERNES 59','2017-05-30 17:42:27',113,29,'2022-03-20 04:49:12','2022-03-20 04:49:12'),(37,'Sábado',8,0,1,0,'TKM SE SABADO 59','2017-05-30 17:42:27',114,30,'2022-03-20 04:49:12','2022-03-20 04:49:12'),(38,'Jueves',6,0,1,0,'TKM SE JUEVES MR 59','2017-05-30 17:42:27',115,28,'2022-03-20 04:49:12','2022-03-20 04:49:12'),(39,'Viernes',7,0,1,0,'TKM SE VIERNES MR 59','2017-05-30 17:42:27',116,29,'2022-03-20 04:49:12','2022-03-20 04:49:12'),(40,'Sábado',8,0,1,0,'TKM SE SABADO MR 59','2017-05-30 17:42:27',117,30,'2022-03-20 04:49:12','2022-03-20 04:49:12'),(41,'Jueves',6,0,1,0,'TKM SE JUEVES AMR 59','2017-05-30 17:42:27',118,28,'2022-03-20 04:49:12','2022-03-20 04:49:12'),(42,'Viernes',7,0,1,0,'TKM SE VIERNES AMR 59','2017-05-30 17:42:27',119,29,'2022-03-20 04:49:12','2022-03-20 04:49:12'),(43,'Sábado',8,0,1,0,'TKM SE SABADO AMR 59','2017-05-30 17:42:27',120,30,'2022-03-20 04:49:12','2022-03-20 04:49:12'),(44,'Abono',1,0,1,0,'TKM SE ABONO TAQ','2017-05-30 17:42:27',121,27,'2022-03-20 04:49:12','2022-03-20 04:49:12'),(45,'Jueves',6,0,1,0,'TKM SE JUEVES TAQ','2017-05-30 17:42:27',122,28,'2022-03-20 04:49:12','2022-03-20 04:49:12'),(46,'Viernes',7,0,1,0,'TKM SE VIERNES TAQ','2017-05-30 17:42:27',123,29,'2022-03-20 04:49:12','2022-03-20 04:49:12'),(47,'Sábado',8,0,1,0,'TKM SE SABADO TAQ','2017-05-30 17:42:27',124,30,'2022-03-20 04:49:12','2022-03-20 04:49:12'),(48,'Abono',1,0,1,0,'TKM SE ABONO INV','2017-05-30 17:42:27',125,27,'2022-03-20 04:49:12','2022-03-20 04:49:12'),(49,'Jueves',6,0,1,0,'TKM SE JUEVES INV','2017-05-30 17:42:27',126,28,'2022-03-20 04:49:12','2022-03-20 04:49:12'),(50,'Viernes',7,0,1,0,'TKM SE VIERNES INV','2017-05-30 17:42:27',127,29,'2022-03-20 04:49:12','2022-03-20 04:49:12'),(51,'Sábado',8,0,1,0,'TKM SE SABADO INV','2017-05-30 17:42:27',128,30,'2022-03-20 04:49:12','2022-03-20 04:49:12'),(52,'Abono',1,0,1,0,'TKM SE ABONO 110','2017-05-30 17:42:27',129,27,'2022-03-20 04:49:12','2022-03-20 04:49:12'),(53,'Abono',1,0,1,0,'TKM SE ABONO MR 110','2017-05-30 17:42:27',130,27,'2022-03-20 04:49:12','2022-03-20 04:49:12'),(54,'Abono',1,0,1,0,'TKM SE ABONO AMR 110','2017-05-30 17:42:27',131,27,'2022-03-20 04:49:12','2022-03-20 04:49:12'),(55,'Abono',1,0,1,0,'TKM SE ABONO 120','2017-05-30 17:42:27',132,27,'2022-03-20 04:49:12','2022-03-20 04:49:12'),(56,'Abono',1,0,1,0,'TKM SE ABONO MR 120','2017-05-30 17:42:27',133,27,'2022-03-20 04:49:12','2022-03-20 04:49:12'),(57,'Abono',1,0,1,0,'TKM SE ABONO AMR 120','2017-05-30 17:42:27',134,27,'2022-03-20 04:49:12','2022-03-20 04:49:12'),(58,'Jueves',6,0,1,0,'TKM SE JUEVES 65','2017-05-30 17:42:27',135,28,'2022-03-20 04:49:12','2022-03-20 04:49:12'),(59,'Jueves',6,0,1,0,'TKM SE JUEVES MR 65','2017-05-30 17:42:27',136,28,'2022-03-20 04:49:12','2022-03-20 04:49:12'),(60,'Jueves',6,0,1,0,'TKM SE JUEVES AMR 65','2017-05-30 17:42:27',137,28,'2022-03-20 04:49:12','2022-03-20 04:49:12'),(61,'Viernes',7,0,1,0,'TKM SE VIERNES 65','2017-05-30 17:42:27',138,29,'2022-03-20 04:49:12','2022-03-20 04:49:12'),(62,'Viernes',7,0,1,0,'TKM SE VIERNES MR 65','2017-05-30 17:42:27',139,29,'2022-03-20 04:49:12','2022-03-20 04:49:12'),(63,'Viernes',7,0,1,0,'TKM SE VIERNES AMR 65','2017-05-30 17:42:27',140,29,'2022-03-20 04:49:12','2022-03-20 04:49:12'),(64,'Sábado',8,0,1,0,'TKM SE SABADO 65','2017-05-30 17:42:27',141,30,'2022-03-20 04:49:12','2022-03-20 04:49:12'),(65,'Sábado',8,0,1,0,'TKM SE SABADO MR 65','2017-05-30 17:42:27',142,30,'2022-03-20 04:49:12','2022-03-20 04:49:12'),(66,'Sábado',8,0,1,0,'TKM SE SABADO AMR 65','2017-05-30 17:42:27',143,30,'2022-03-20 04:49:12','2022-03-20 04:49:12'),(67,'AAA',19,0,1,0,'AAA','2017-05-30 17:42:27',144,43,'2022-03-20 04:49:12','2022-03-20 04:49:12'),(68,'Artista',17,0,1,0,'ART','2017-05-30 17:42:27',145,42,'2022-03-20 04:49:12','2022-03-20 04:49:12'),(69,'Artista',17,0,1,0,'ART - Jueves','2017-05-30 17:42:27',146,42,'2022-03-20 04:49:12','2022-03-20 04:49:12'),(70,'Artista',17,0,1,0,'ART - Viernes','2017-05-30 17:42:27',147,42,'2022-03-20 04:49:12','2022-03-20 04:49:12'),(71,'Artista',17,0,1,0,'ART - Sábado','2017-05-30 17:42:27',148,42,'2022-03-20 04:49:12','2022-03-20 04:49:12'),(72,'INV Abono',20,0,1,0,'INV ABONO','2017-05-30 17:42:27',149,27,'2022-03-20 04:49:12','2022-03-20 04:49:12'),(73,'INV Jueves',21,0,1,0,'INV JUEVES','2017-05-30 17:42:27',150,28,'2022-03-20 04:49:12','2022-03-20 04:49:12'),(74,'INV Viernes',22,0,1,0,'INV VIERNES','2017-05-30 17:42:27',151,29,'2022-03-20 04:49:12','2022-03-20 04:49:12'),(75,'INV Sábado',23,0,1,0,'INV SÁBADO','2017-05-30 17:42:27',152,30,'2022-03-20 04:49:12','2022-03-20 04:49:12'),(76,'ORG',14,0,1,0,'ORGANIZACIÓN','2017-05-30 17:42:27',153,43,'2022-03-20 04:49:12','2022-03-20 04:49:12'),(77,'Prensa',15,0,1,0,'PHOTO/TV','2017-05-30 17:42:27',154,39,'2022-03-20 04:49:12','2022-03-20 04:49:12'),(78,'Prensa',15,0,1,0,'PRENSA','2017-05-30 17:42:27',155,39,'2022-03-20 04:49:12','2022-03-20 04:49:12'),(79,'Staff',16,0,1,0,'STAFF','2017-05-30 17:42:27',156,40,'2022-03-20 04:49:12','2022-03-20 04:49:12'),(80,'Staff',16,0,1,0,'STAFF+ACRED','2017-05-30 17:42:27',157,40,'2022-03-20 04:49:12','2022-03-20 04:49:12'),(81,'Stage',18,0,1,0,'STAGE','2017-05-30 17:42:27',158,41,'2022-03-20 04:49:12','2022-03-20 04:49:12'),(82,'ACR PK-GENERICO',29,0,1,0,'CAR/DES-Ju','2017-05-30 17:42:27',159,45,'2022-03-20 04:49:12','2022-03-20 04:49:12'),(83,'ACR PK-GENERICO',29,0,1,0,'CAR/DES-Vi','2017-05-30 17:42:27',160,45,'2022-03-20 04:49:12','2022-03-20 04:49:12'),(84,'ACR PK-GENERICO',29,0,1,0,'CAR/DES-Sa','2017-05-30 17:42:27',161,45,'2022-03-20 04:49:12','2022-03-20 04:49:12'),(85,'ACR PK-GENERICO',29,0,1,0,'CARGA/DES','2017-05-30 17:42:27',162,45,'2022-03-20 04:49:12','2022-03-20 04:49:12'),(86,'ACR PK-GENERICO',29,0,1,0,'PARK PREM','2017-05-30 17:42:27',163,44,'2022-03-20 04:49:12','2022-03-20 04:49:12'),(87,'ACR PK-GENERICO',29,0,1,0,'PARK-A-Jue','2017-05-30 17:42:27',164,44,'2022-03-20 04:49:12','2022-03-20 04:49:12'),(88,'ACR PK-GENERICO',29,0,1,0,'PARK-A-Vie','2017-05-30 17:42:27',165,44,'2022-03-20 04:49:12','2022-03-20 04:49:12'),(89,'ACR PK-GENERICO',29,0,1,0,'PARK-A-Sab','2017-05-30 17:42:27',166,44,'2022-03-20 04:49:12','2022-03-20 04:49:12'),(90,'ACR PK-GENERICO',29,0,1,0,'PARK-B-Jue','2017-05-30 17:42:27',167,44,'2022-03-20 04:49:12','2022-03-20 04:49:12'),(91,'ACR PK-GENERICO',29,0,1,0,'PARK-B-Vie','2017-05-30 17:42:27',168,44,'2022-03-20 04:49:12','2022-03-20 04:49:12'),(92,'ACR PK-GENERICO',29,0,1,0,'PARK-B-Sab','2017-05-30 17:42:27',169,44,'2022-03-20 04:49:12','2022-03-20 04:49:12'),(93,'ACR PK-GENERICO',29,0,1,0,'PARK-C-Jue','2017-05-30 17:42:27',170,44,'2022-03-20 04:49:12','2022-03-20 04:49:12'),(94,'ACR PK-GENERICO',29,0,1,0,'PARK-C-Vie','2017-05-30 17:42:27',171,44,'2022-03-20 04:49:12','2022-03-20 04:49:12'),(95,'ACR PK-GENERICO',29,0,1,0,'PARK-C-Sab','2017-05-30 17:42:27',172,44,'2022-03-20 04:49:12','2022-03-20 04:49:12'),(96,'ACR PK-GENERICO',29,0,1,0,'PARK-D-Jue','2017-05-30 17:42:27',173,44,'2022-03-20 04:49:12','2022-03-20 04:49:12'),(97,'ACR PK-GENERICO',29,0,1,0,'PARK-D-Vie','2017-05-30 17:42:27',174,44,'2022-03-20 04:49:12','2022-03-20 04:49:12'),(98,'ACR PK-GENERICO',29,0,1,0,'PARK-D-Sab','2017-05-30 17:42:27',175,44,'2022-03-20 04:49:12','2022-03-20 04:49:12'),(99,'ACR PK-GENERICO',29,0,1,0,'PARK-E-Jue','2017-05-30 17:42:27',176,44,'2022-03-20 04:49:12','2022-03-20 04:49:12'),(100,'ACR PK-GENERICO',29,0,1,0,'PARK-E-Vie','2017-05-30 17:42:27',177,44,'2022-03-20 04:49:12','2022-03-20 04:49:12'),(101,'ACR PK-GENERICO',29,0,1,0,'PARK-E-Sab','2017-05-30 17:42:27',178,44,'2022-03-20 04:49:12','2022-03-20 04:49:12'),(102,'ACR PK-GENERICO',29,0,1,0,'PARKING A','2017-05-30 17:42:27',179,44,'2022-03-20 04:49:12','2022-03-20 04:49:12'),(103,'ACR PK-GENERICO',29,0,1,0,'PARKING B','2017-05-30 17:42:27',180,44,'2022-03-20 04:49:12','2022-03-20 04:49:12'),(104,'ACR PK-GENERICO',29,0,1,0,'PARKING C','2017-05-30 17:42:27',181,44,'2022-03-20 04:49:12','2022-03-20 04:49:12'),(105,'ACR PK-GENERICO',29,0,1,0,'PARKING D','2017-05-30 17:42:27',182,44,'2022-03-20 04:49:12','2022-03-20 04:49:12'),(106,'ACR PK-GENERICO',29,0,1,0,'PARKING E','2017-05-30 17:42:27',183,44,'2022-03-20 04:49:12','2022-03-20 04:49:12'),(107,'ACR PK-GENERICO',29,0,1,0,'PK AAA','2017-05-30 17:42:27',184,44,'2022-03-20 04:49:12','2022-03-20 04:49:12'),(108,'VIP Abono',2,0,1,0,'TKM SE ABONO VIP','2017-05-30 17:42:27',203,31,'2022-03-20 04:49:12','2022-03-20 04:49:12'),(109,'VIP Jueves',3,0,1,0,'TKM SE JUEVES VIP','2017-05-30 17:42:27',204,32,'2022-03-20 04:49:12','2022-03-20 04:49:12'),(110,'VIP Viernes',4,0,1,0,'TKM SE VIERNES VIP','2017-05-30 17:42:27',205,33,'2022-03-20 04:49:12','2022-03-20 04:49:12'),(111,'VIP Sábado',5,0,1,0,'TKM SE SABADO VIP','2017-05-30 17:42:27',206,34,'2022-03-20 04:49:12','2022-03-20 04:49:12'),(112,'PREMIUM Abono',9,0,1,0,'TKM SE ABONO PREMIUM','2017-05-30 17:42:27',207,35,'2022-03-20 04:49:12','2022-03-20 04:49:12'),(113,'PREMIUM Jueves',10,0,1,0,'TKM SE JUEVES PREMIUM','2017-05-30 17:42:27',208,36,'2022-03-20 04:49:12','2022-03-20 04:49:12'),(114,'PREMIUM Viernes',11,0,1,0,'TKM SE VIERNES PREMIUM','2017-05-30 17:42:27',209,37,'2022-03-20 04:49:12','2022-03-20 04:49:12'),(115,'PREMIUM Sábado',13,0,1,0,'TKM SE SABADO PREMIUM','2017-05-30 17:42:27',210,38,'2022-03-20 04:49:12','2022-03-20 04:49:12'),(116,'Abono',1,0,1,0,'TKM CE ABONO 79€','2017-05-30 17:42:27',211,27,'2022-03-20 04:49:12','2022-03-20 04:49:12'),(117,'Abono',1,0,1,0,'TKM CE ABONO MR 79€','2017-05-30 17:42:27',212,27,'2022-03-20 04:49:12','2022-03-20 04:49:12'),(118,'Abono',1,0,1,0,'TKM CE ABONO AMR 79€','2017-05-30 17:42:27',213,27,'2022-03-20 04:49:12','2022-03-20 04:49:12'),(119,'Abono',1,0,1,0,'TKM CE ABONO 89€','2017-05-30 17:42:27',214,27,'2022-03-20 04:49:12','2022-03-20 04:49:12'),(120,'Abono',1,0,1,0,'TKM CE ABONO MR 89€','2017-05-30 17:42:27',215,27,'2022-03-20 04:49:12','2022-03-20 04:49:12'),(121,'Abono',1,0,1,0,'TKM CE ABONO AMR 89€','2017-05-30 17:42:27',216,27,'2022-03-20 04:49:12','2022-03-20 04:49:12'),(122,'Abono',1,0,1,0,'TKM CE ABONO 100€','2017-05-30 17:42:27',217,27,'2022-03-20 04:49:12','2022-03-20 04:49:12'),(123,'Abono',1,0,1,0,'TKM CE ABONO MR 100€','2017-05-30 17:42:27',218,27,'2022-03-20 04:49:12','2022-03-20 04:49:12'),(124,'Abono',1,0,1,0,'TKM CE ABONO AMR 100€','2017-05-30 17:42:27',219,27,'2022-03-20 04:49:12','2022-03-20 04:49:12'),(125,'Abono',1,0,1,0,'TKM CE ABONO 115€','2017-05-30 17:42:27',220,27,'2022-03-20 04:49:12','2022-03-20 04:49:12'),(126,'Abono',1,0,1,0,'TKM CE ABONO MR 115€','2017-05-30 17:42:27',221,27,'2022-03-20 04:49:12','2022-03-20 04:49:12'),(127,'Abono',1,0,1,0,'TKM CE ABONO AMR 115€','2017-05-30 17:42:27',222,27,'2022-03-20 04:49:12','2022-03-20 04:49:12'),(128,'Jueves',6,0,1,0,'TKM CE JUEVES','2017-05-30 17:42:27',223,28,'2022-03-20 04:49:12','2022-03-20 04:49:12'),(129,'Viernes',7,0,1,0,'TKM CE VIERNES','2017-05-30 17:42:27',224,29,'2022-03-20 04:49:12','2022-03-20 04:49:12'),(130,'Sábado',8,0,1,0,'TKM CE SABADO','2017-05-30 17:42:27',225,30,'2022-03-20 04:49:12','2022-03-20 04:49:12'),(131,'Jueves',6,0,1,0,'TKM CE JUEVES MR','2017-05-30 17:42:27',226,28,'2022-03-20 04:49:12','2022-03-20 04:49:12'),(132,'Viernes',7,0,1,0,'TKM CE VIERNES MR','2017-05-30 17:42:27',227,29,'2022-03-20 04:49:12','2022-03-20 04:49:12'),(133,'Sábado',8,0,1,0,'TKM CE SABADO MR','2017-05-30 17:42:27',228,30,'2022-03-20 04:49:12','2022-03-20 04:49:12'),(134,'Jueves',6,0,1,0,'TKM CE JUEVES AMR','2017-05-30 17:42:27',229,28,'2022-03-20 04:49:12','2022-03-20 04:49:12'),(135,'Viernes',7,0,1,0,'TKM CE VIERNES AMR','2017-05-30 17:42:27',230,29,'2022-03-20 04:49:12','2022-03-20 04:49:12'),(136,'Sábado',8,0,1,0,'TKM CE SABADO AMR','2017-05-30 17:42:27',231,30,'2022-03-20 04:49:12','2022-03-20 04:49:12'),(137,'VIP Abono',2,0,1,0,'TKM CE ABONO VIP','2017-05-30 17:42:27',232,31,'2022-03-20 04:49:12','2022-03-20 04:49:12'),(138,'VIP Abono',2,0,1,0,'TKM CE ABONO VIP MR','2017-05-30 17:42:27',233,31,'2022-03-20 04:49:12','2022-03-20 04:49:12'),(139,'VIP Abono',2,0,1,0,'TKM CE ABONO VIP AMR','2017-05-30 17:42:27',234,31,'2022-03-20 04:49:12','2022-03-20 04:49:12'),(140,'VIP Jueves',3,0,1,0,'TKM CE JUEVES VIP','2017-05-30 17:42:27',235,32,'2022-03-20 04:49:12','2022-03-20 04:49:12'),(141,'VIP Jueves',3,0,1,0,'TKM CE JUEVES VIP MR','2017-05-30 17:42:27',236,32,'2022-03-20 04:49:12','2022-03-20 04:49:12'),(142,'VIP Jueves',3,0,1,0,'TKM CE JUEVES VIP AMR','2017-05-30 17:42:27',237,32,'2022-03-20 04:49:12','2022-03-20 04:49:12'),(143,'VIP Viernes',4,0,1,0,'TKM CE VIERNES VIP','2017-05-30 17:42:27',238,33,'2022-03-20 04:49:12','2022-03-20 04:49:12'),(144,'VIP Viernes',4,0,1,0,'TKM CE VIERNES VIP MR','2017-05-30 17:42:27',239,33,'2022-03-20 04:49:12','2022-03-20 04:49:12'),(145,'VIP Viernes',4,0,1,0,'TKM CE VIERNES VIP AMR','2017-05-30 17:42:27',240,33,'2022-03-20 04:49:12','2022-03-20 04:49:12'),(146,'VIP Sábado',5,0,1,0,'TKM CE SABADO VIP','2017-05-30 17:42:27',241,34,'2022-03-20 04:49:12','2022-03-20 04:49:12'),(147,'VIP Sábado',5,0,1,0,'TKM CE SABADO VIP MR','2017-05-30 17:42:27',242,34,'2022-03-20 04:49:12','2022-03-20 04:49:12'),(148,'VIP Sábado',5,0,1,0,'TKM CE SABADO VIP AMR','2017-05-30 17:42:27',243,34,'2022-03-20 04:49:12','2022-03-20 04:49:12'),(149,'PREMIUM Abono',9,0,1,0,'TKM CE ABONO PREMIUM','2017-05-30 17:42:27',244,35,'2022-03-20 04:49:12','2022-03-20 04:49:12'),(150,'PREMIUM Abono',9,0,1,0,'TKM CE ABONO PREMIUM MR','2017-05-30 17:42:27',245,35,'2022-03-20 04:49:12','2022-03-20 04:49:12'),(151,'PREMIUM Abono',9,0,1,0,'TKM CE ABONO PREMIUM AMR','2017-05-30 17:42:27',246,35,'2022-03-20 04:49:12','2022-03-20 04:49:12'),(152,'PREMIUM Jueves',10,0,1,0,'TKM CE JUEVES PREMIUM','2017-05-30 17:42:27',247,36,'2022-03-20 04:49:12','2022-03-20 04:49:12'),(153,'PREMIUM Jueves',10,0,1,0,'TKM CE JUEVES PREMIUM MR','2017-05-30 17:42:27',248,36,'2022-03-20 04:49:12','2022-03-20 04:49:12'),(154,'PREMIUM Jueves',10,0,1,0,'TKM CE JUEVES PREMIUM AMR','2017-05-30 17:42:27',249,36,'2022-03-20 04:49:12','2022-03-20 04:49:12'),(155,'PREMIUM Viernes',11,0,1,0,'TKM CE VIERNES PREMIUM','2017-05-30 17:42:27',250,37,'2022-03-20 04:49:12','2022-03-20 04:49:12'),(156,'PREMIUM Viernes',11,0,1,0,'TKM CE VIERNES PREMIUM MR','2017-05-30 17:42:27',251,37,'2022-03-20 04:49:12','2022-03-20 04:49:12'),(157,'PREMIUM Viernes',11,0,1,0,'TKM CE VIERNES PREMIUM AMR','2017-05-30 17:42:27',252,37,'2022-03-20 04:49:12','2022-03-20 04:49:12'),(158,'PREMIUM Sábado',13,0,1,0,'TKM CE SABADO PREMIUM','2017-05-30 17:42:27',253,38,'2022-03-20 04:49:12','2022-03-20 04:49:12'),(159,'PREMIUM Sábado',13,0,1,0,'TKM CE SABADO PREMIUM MR','2017-05-30 17:42:27',254,38,'2022-03-20 04:49:12','2022-03-20 04:49:12'),(160,'PREMIUM Sábado',13,0,1,0,'TKM CE SABADO PREMIUM AMR','2017-05-30 17:42:27',255,38,'2022-03-20 04:49:12','2022-03-20 04:49:12'),(161,'Abono',1,0,1,0,'TKM CHARITY ABONO','2017-05-30 17:42:27',256,27,'2022-03-20 04:49:12','2022-03-20 04:49:12'),(162,'Jueves',6,0,1,0,'TKM CHARITY JUEVES','2017-05-30 17:42:27',257,28,'2022-03-20 04:49:12','2022-03-20 04:49:12'),(163,'Viernes',7,0,1,0,'TKM CHARITY VIERNES','2017-05-30 17:42:27',258,29,'2022-03-20 04:49:12','2022-03-20 04:49:12'),(164,'Sábado',8,0,1,0,'TKM CHARITY SABADO','2017-05-30 17:42:27',259,30,'2022-03-20 04:49:12','2022-03-20 04:49:12'),(165,'VIP Abono',2,0,1,0,'TKM CHARITY ABONO VIP','2017-05-30 17:42:27',260,31,'2022-03-20 04:49:12','2022-03-20 04:49:12'),(166,'VIP Jueves',3,0,1,0,'TKM CHARITY JUEVES VIP','2017-05-30 17:42:27',261,32,'2022-03-20 04:49:12','2022-03-20 04:49:12'),(167,'VIP Viernes',4,0,1,0,'TKM CHARITY VIERNES VIP','2017-05-30 17:42:27',262,33,'2022-03-20 04:49:12','2022-03-20 04:49:12'),(168,'VIP Sábado',5,0,1,0,'TKM CHARITY SABADO VIP','2017-05-30 17:42:27',263,34,'2022-03-20 04:49:12','2022-03-20 04:49:12'),(169,'PREMIUM Abono',9,0,1,0,'TKM CHARITY ABONO PREMIUM','2017-05-30 17:42:27',264,35,'2022-03-20 04:49:12','2022-03-20 04:49:12'),(170,'PREMIUM Jueves',10,0,1,0,'TKM CHARITY JUEVES PREMIUM','2017-05-30 17:42:27',265,36,'2022-03-20 04:49:12','2022-03-20 04:49:12'),(171,'PREMIUM Viernes',11,0,1,0,'TKM CHARITY VIERNES PREMIUM','2017-05-30 17:42:27',266,37,'2022-03-20 04:49:12','2022-03-20 04:49:12'),(172,'PREMIUM Sábado',13,0,1,0,'TKM CHARITY SABADO PREMIUM','2017-05-30 17:42:27',267,38,'2022-03-20 04:49:12','2022-03-20 04:49:12'),(173,'VIP Abono',2,0,1,0,'TKM SE ABONO VIP INV','2017-05-30 17:42:27',275,31,'2022-03-20 04:49:12','2022-03-20 04:49:12'),(174,'Abono',1,0,1,0,'0-TKM SE ABONO MIERCOLES','2017-05-30 17:42:27',276,27,'2022-03-20 04:49:12','2022-03-20 04:49:12'),(175,'Jueves',6,0,1,0,'0-TKM SE JUEVES MIERCOLES','2017-05-30 17:42:27',277,28,'2022-03-20 04:49:12','2022-03-20 04:49:12'),(176,'Viernes',7,0,1,0,'0-TKM SE VIERNES MIERCOLES','2017-05-30 17:42:27',278,29,'2022-03-20 04:49:12','2022-03-20 04:49:12'),(177,'Sábado',8,0,1,0,'0-TKM SE SABADO MIERCOLES','2017-05-30 17:42:27',279,30,'2022-03-20 04:49:12','2022-03-20 04:49:12'),(178,'Abono',1,0,1,0,'0-TKT SE ABONO MIERCOLES','2017-05-30 17:42:27',280,27,'2022-03-20 04:49:12','2022-03-20 04:49:12'),(179,'Jueves',6,0,1,0,'0-TKT SE JUEVES MIERCOLES','2017-05-30 17:42:27',281,28,'2022-03-20 04:49:12','2022-03-20 04:49:12'),(180,'Viernes',7,0,1,0,'0-TKT SE VIERNES MIERCOLES','2017-05-30 17:42:27',282,29,'2022-03-20 04:49:12','2022-03-20 04:49:12'),(181,'Jueves',6,0,1,0,'0-ECOM JUEVES MIERCOLES','2017-05-30 17:42:27',283,28,'2022-03-20 04:49:12','2022-03-20 04:49:12'),(182,'Sábado',8,0,1,0,'0-TKT SE SABADO MIERCOLES','2017-05-30 17:42:27',284,30,'2022-03-20 04:49:12','2022-03-20 04:49:12'),(183,'Abono',1,0,1,0,'0-ECOM SE ABONO MIERCOLES','2017-05-30 17:42:27',285,27,'2022-03-20 04:49:12','2022-03-20 04:49:12'),(184,'Viernes',7,0,1,0,'0-ECOM SE VIERNES MIERCOLES','2017-05-30 17:42:27',286,29,'2022-03-20 04:49:12','2022-03-20 04:49:12'),(185,'Sábado',8,0,1,0,'0-ECOM SE SABADO MIERCOLES','2017-05-30 17:42:27',287,30,'2022-03-20 04:49:12','2022-03-20 04:49:12'),(186,'Abono',1,0,1,0,'0-TKM SE ABONO AMR-MR MIERCOLES','2017-05-30 17:42:27',288,27,'2022-03-20 04:49:12','2022-03-20 04:49:12'),(187,'Jueves',6,0,1,0,'0-TKM SE JUEVES AMR MR MIERCOLES','2017-05-30 17:42:27',289,28,'2022-03-20 04:49:12','2022-03-20 04:49:12'),(188,'Viernes',7,0,1,0,'0-TKM VIERNES AMR MR MIERCOLES','2017-05-30 17:42:27',290,29,'2022-03-20 04:49:12','2022-03-20 04:49:12'),(189,'Sábado',8,0,1,0,'0-TKM SE SABADO AMR MR MIERCOLES','2017-05-30 17:42:27',291,30,'2022-03-20 04:49:12','2022-03-20 04:49:12'),(190,'BUS ABONO',30,0,1,0,'BUS ABONO WEB','2017-05-30 17:42:27',298,55,'2022-03-20 04:49:12','2022-03-20 04:49:12'),(191,'BUS JUEVES',31,0,1,0,'BUS JUEVES','2017-05-30 17:42:27',299,55,'2022-03-20 04:49:12','2022-03-20 04:49:12'),(192,'BUS VIERNES',32,0,1,0,'BUS VIERNES','2017-05-30 17:42:27',300,55,'2022-03-20 04:49:13','2022-03-20 04:49:13'),(193,'BUS SABADO',33,0,1,0,'BUS SABADO','2017-05-30 17:42:27',301,55,'2022-03-20 04:49:13','2022-03-20 04:49:13'),(194,'VIP Abono',2,0,1,0,'000-TKM ABONO VIP INV','2017-05-30 17:42:27',302,31,'2022-03-20 04:49:13','2022-03-20 04:49:13'),(195,'VIP Jueves',3,0,1,0,'000-TKM JUEVES VIP INV','2017-05-30 17:42:27',303,32,'2022-03-20 04:49:13','2022-03-20 04:49:13'),(196,'VIP Viernes',4,0,1,0,'000-TKM VIERNES VIP INV','2017-05-30 17:42:27',304,33,'2022-03-20 04:49:13','2022-03-20 04:49:13'),(197,'VIP Sábado',5,0,1,0,'000-TKM SABADO VIP INV','2017-05-30 17:42:27',305,34,'2022-03-20 04:49:13','2022-03-20 04:49:13'),(198,'Abono',1,0,1,0,'000-TKM ABONO','2017-05-30 17:42:27',306,27,'2022-03-20 04:49:13','2022-03-20 04:49:13'),(199,'Jueves',6,0,1,0,'000-TKM JUEVES','2017-05-30 17:42:27',307,28,'2022-03-20 04:49:13','2022-03-20 04:49:13'),(200,'Viernes',7,0,1,0,'000-TKM VIERNES','2017-05-30 17:42:27',308,29,'2022-03-20 04:49:13','2022-03-20 04:49:13'),(201,'Sábado',8,0,1,0,'000-TKM SABADO','2017-05-30 17:42:27',309,30,'2022-03-20 04:49:13','2022-03-20 04:49:13'),(202,'PREMIUM Abono',9,0,1,0,'000-TKM ABONO PREMIUM INV','2017-05-30 17:42:27',310,35,'2022-03-20 04:49:13','2022-03-20 04:49:13'),(203,'PREMIUM Jueves',10,0,1,0,'000-TKM JUEVES PREMIUM INV','2017-05-30 17:42:27',311,36,'2022-03-20 04:49:13','2022-03-20 04:49:13'),(204,'PREMIUM Viernes',11,0,1,0,'000-TKM VIERNES PREMIUM INV','2017-05-30 17:42:27',312,37,'2022-03-20 04:49:13','2022-03-20 04:49:13'),(205,'PREMIUM Sábado',13,0,1,0,'000-TKM SABADO PREMIUM INV','2017-05-30 17:42:27',313,38,'2022-03-20 04:49:13','2022-03-20 04:49:13'),(206,'Abono',1,0,1,0,'0000-TKM ABONO CHARITY INV','2017-05-30 17:42:27',314,27,'2022-03-20 04:49:13','2022-03-20 04:49:13'),(207,'VIP Viernes',4,0,1,0,'0000-TKM VIP VIERNES CHARITY INV','2017-05-30 17:42:27',315,33,'2022-03-20 04:49:13','2022-03-20 04:49:13');
/*!40000 ALTER TABLE `easygoband_providers` ENABLE KEYS */;
UNLOCK TABLES;

--
-- Table structure for table `easygoband_sessions`
--

DROP TABLE IF EXISTS `easygoband_sessions`;
/*!40101 SET @saved_cs_client     = @@character_set_client */;
/*!50503 SET character_set_client = utf8mb4 */;
CREATE TABLE `easygoband_sessions` (
  `id` bigint unsigned NOT NULL AUTO_INCREMENT,
  `id_remote` int NOT NULL,
  `id_provider` int NOT NULL,
  `name` varchar(100) COLLATE utf8mb4_unicode_ci NOT NULL,
  `created_at` timestamp NULL DEFAULT NULL,
  `updated_at` timestamp NULL DEFAULT NULL,
  PRIMARY KEY (`id`)
) ENGINE=InnoDB AUTO_INCREMENT=208 DEFAULT CHARSET=utf8mb4 COLLATE=utf8mb4_unicode_ci;
/*!40101 SET character_set_client = @saved_cs_client */;

--
-- Dumping data for table `easygoband_sessions`
--

LOCK TABLES `easygoband_sessions` WRITE;
/*!40000 ALTER TABLE `easygoband_sessions` DISABLE KEYS */;
INSERT INTO `easygoband_sessions` VALUES (1,19,1,'01-ABONO',NULL,NULL),(2,19,2,'01-ABONO',NULL,NULL),(3,19,3,'01-ABONO',NULL,NULL),(4,20,4,'02-JUEVES',NULL,NULL),(5,20,5,'02-JUEVES',NULL,NULL),(6,21,6,'03-VIERNES',NULL,NULL),(7,21,7,'03-VIERNES',NULL,NULL),(8,22,8,'04-SABADO',NULL,NULL),(9,22,9,'04-SABADO',NULL,NULL),(10,19,10,'01-ABONO',NULL,NULL),(11,19,11,'01-ABONO',NULL,NULL),(12,19,12,'01-ABONO',NULL,NULL),(13,20,13,'02-JUEVES',NULL,NULL),(14,20,14,'02-JUEVES',NULL,NULL),(15,21,15,'03-VIERNES',NULL,NULL),(16,21,16,'03-VIERNES',NULL,NULL),(17,22,17,'04-SABADO',NULL,NULL),(18,22,18,'04-SABADO',NULL,NULL),(19,19,19,'01-ABONO',NULL,NULL),(20,20,20,'02-JUEVES',NULL,NULL),(21,21,21,'03-VIERNES',NULL,NULL),(22,22,22,'04-SABADO',NULL,NULL),(23,19,23,'01-ABONO',NULL,NULL),(24,20,24,'02-JUEVES',NULL,NULL),(25,21,25,'03-VIERNES',NULL,NULL),(26,22,26,'04-SABADO',NULL,NULL),(27,19,27,'01-ABONO',NULL,NULL),(28,19,28,'01-ABONO',NULL,NULL),(29,20,29,'02-JUEVES',NULL,NULL),(30,21,30,'03-VIERNES',NULL,NULL),(31,22,31,'04-SABADO',NULL,NULL),(32,19,32,'01-ABONO',NULL,NULL),(33,19,33,'01-ABONO',NULL,NULL),(34,19,34,'01-ABONO',NULL,NULL),(35,20,35,'02-JUEVES',NULL,NULL),(36,21,36,'03-VIERNES',NULL,NULL),(37,22,37,'04-SABADO',NULL,NULL),(38,20,38,'02-JUEVES',NULL,NULL),(39,21,39,'03-VIERNES',NULL,NULL),(40,22,40,'04-SABADO',NULL,NULL),(41,20,41,'02-JUEVES',NULL,NULL),(42,21,42,'03-VIERNES',NULL,NULL),(43,22,43,'04-SABADO',NULL,NULL),(44,19,44,'01-ABONO',NULL,NULL),(45,20,45,'02-JUEVES',NULL,NULL),(46,21,46,'03-VIERNES',NULL,NULL),(47,22,47,'04-SABADO',NULL,NULL),(48,19,48,'01-ABONO',NULL,NULL),(49,20,49,'02-JUEVES',NULL,NULL),(50,21,50,'03-VIERNES',NULL,NULL),(51,22,51,'04-SABADO',NULL,NULL),(52,19,52,'01-ABONO',NULL,NULL),(53,19,53,'01-ABONO',NULL,NULL),(54,19,54,'01-ABONO',NULL,NULL),(55,19,55,'01-ABONO',NULL,NULL),(56,19,56,'01-ABONO',NULL,NULL),(57,19,57,'01-ABONO',NULL,NULL),(58,20,58,'02-JUEVES',NULL,NULL),(59,20,59,'02-JUEVES',NULL,NULL),(60,20,60,'02-JUEVES',NULL,NULL),(61,21,61,'03-VIERNES',NULL,NULL),(62,21,62,'03-VIERNES',NULL,NULL),(63,21,63,'03-VIERNES',NULL,NULL),(64,22,64,'04-SABADO',NULL,NULL),(65,22,65,'04-SABADO',NULL,NULL),(66,22,66,'04-SABADO',NULL,NULL),(67,31,67,'13-ACREDITADOS',NULL,NULL),(68,31,68,'13-ACREDITADOS',NULL,NULL),(69,31,69,'13-ACREDITADOS',NULL,NULL),(70,31,70,'13-ACREDITADOS',NULL,NULL),(71,31,71,'13-ACREDITADOS',NULL,NULL),(72,31,72,'13-ACREDITADOS',NULL,NULL),(73,31,73,'13-ACREDITADOS',NULL,NULL),(74,31,74,'13-ACREDITADOS',NULL,NULL),(75,31,75,'13-ACREDITADOS',NULL,NULL),(76,31,76,'13-ACREDITADOS',NULL,NULL),(77,38,77,'15-PRENSA',NULL,NULL),(78,38,78,'15-PRENSA',NULL,NULL),(79,31,79,'13-ACREDITADOS',NULL,NULL),(80,31,80,'13-ACREDITADOS',NULL,NULL),(81,31,81,'13-ACREDITADOS',NULL,NULL),(82,32,82,'14-PARKING',NULL,NULL),(83,32,83,'14-PARKING',NULL,NULL),(84,32,84,'14-PARKING',NULL,NULL),(85,32,85,'14-PARKING',NULL,NULL),(86,32,86,'14-PARKING',NULL,NULL),(87,32,87,'14-PARKING',NULL,NULL),(88,32,88,'14-PARKING',NULL,NULL),(89,32,89,'14-PARKING',NULL,NULL),(90,32,90,'14-PARKING',NULL,NULL),(91,32,91,'14-PARKING',NULL,NULL),(92,32,92,'14-PARKING',NULL,NULL),(93,32,93,'14-PARKING',NULL,NULL),(94,32,94,'14-PARKING',NULL,NULL),(95,32,95,'14-PARKING',NULL,NULL),(96,32,96,'14-PARKING',NULL,NULL),(97,32,97,'14-PARKING',NULL,NULL),(98,32,98,'14-PARKING',NULL,NULL),(99,32,99,'14-PARKING',NULL,NULL),(100,32,100,'14-PARKING',NULL,NULL),(101,32,101,'14-PARKING',NULL,NULL),(102,32,102,'14-PARKING',NULL,NULL),(103,32,103,'14-PARKING',NULL,NULL),(104,32,104,'14-PARKING',NULL,NULL),(105,32,105,'14-PARKING',NULL,NULL),(106,32,106,'14-PARKING',NULL,NULL),(107,32,107,'14-PARKING',NULL,NULL),(108,23,108,'05-VIP',NULL,NULL),(109,24,109,'06-VIP JUEVES',NULL,NULL),(110,25,110,'07-VIP VIERNES',NULL,NULL),(111,26,111,'08-VIP SABADO',NULL,NULL),(112,27,112,'09-PREMIUM',NULL,NULL),(113,28,113,'10-PREMIUM JUEVES',NULL,NULL),(114,29,114,'11-PREMIUM VIERNES',NULL,NULL),(115,30,115,'12-PREMIUM SABADO',NULL,NULL),(116,19,116,'01-ABONO',NULL,NULL),(117,19,117,'01-ABONO',NULL,NULL),(118,19,118,'01-ABONO',NULL,NULL),(119,19,119,'01-ABONO',NULL,NULL),(120,19,120,'01-ABONO',NULL,NULL),(121,19,121,'01-ABONO',NULL,NULL),(122,19,122,'01-ABONO',NULL,NULL),(123,19,123,'01-ABONO',NULL,NULL),(124,19,124,'01-ABONO',NULL,NULL),(125,19,125,'01-ABONO',NULL,NULL),(126,19,126,'01-ABONO',NULL,NULL),(127,19,127,'01-ABONO',NULL,NULL),(128,20,128,'02-JUEVES',NULL,NULL),(129,21,129,'03-VIERNES',NULL,NULL),(130,22,130,'04-SABADO',NULL,NULL),(131,20,131,'02-JUEVES',NULL,NULL),(132,21,132,'03-VIERNES',NULL,NULL),(133,22,133,'04-SABADO',NULL,NULL),(134,20,134,'02-JUEVES',NULL,NULL),(135,21,135,'03-VIERNES',NULL,NULL),(136,22,136,'04-SABADO',NULL,NULL),(137,23,137,'05-VIP',NULL,NULL),(138,23,138,'05-VIP',NULL,NULL),(139,23,139,'05-VIP',NULL,NULL),(140,24,140,'06-VIP JUEVES',NULL,NULL),(141,24,141,'06-VIP JUEVES',NULL,NULL),(142,24,142,'06-VIP JUEVES',NULL,NULL),(143,25,143,'07-VIP VIERNES',NULL,NULL),(144,25,144,'07-VIP VIERNES',NULL,NULL),(145,25,145,'07-VIP VIERNES',NULL,NULL),(146,26,146,'08-VIP SABADO',NULL,NULL),(147,26,147,'08-VIP SABADO',NULL,NULL),(148,26,148,'08-VIP SABADO',NULL,NULL),(149,27,149,'09-PREMIUM',NULL,NULL),(150,27,150,'09-PREMIUM',NULL,NULL),(151,27,151,'09-PREMIUM',NULL,NULL),(152,28,152,'10-PREMIUM JUEVES',NULL,NULL),(153,28,153,'10-PREMIUM JUEVES',NULL,NULL),(154,28,154,'10-PREMIUM JUEVES',NULL,NULL),(155,29,155,'11-PREMIUM VIERNES',NULL,NULL),(156,29,156,'11-PREMIUM VIERNES',NULL,NULL),(157,29,157,'11-PREMIUM VIERNES',NULL,NULL),(158,30,158,'12-PREMIUM SABADO',NULL,NULL),(159,30,159,'12-PREMIUM SABADO',NULL,NULL),(160,30,160,'12-PREMIUM SABADO',NULL,NULL),(161,19,161,'01-ABONO',NULL,NULL),(162,20,162,'02-JUEVES',NULL,NULL),(163,21,163,'03-VIERNES',NULL,NULL),(164,22,164,'04-SABADO',NULL,NULL),(165,23,165,'05-VIP',NULL,NULL),(166,24,166,'06-VIP JUEVES',NULL,NULL),(167,25,167,'07-VIP VIERNES',NULL,NULL),(168,26,168,'08-VIP SABADO',NULL,NULL),(169,27,169,'09-PREMIUM',NULL,NULL),(170,28,170,'10-PREMIUM JUEVES',NULL,NULL),(171,29,171,'11-PREMIUM VIERNES',NULL,NULL),(172,30,172,'12-PREMIUM SABADO',NULL,NULL),(173,23,173,'05-VIP',NULL,NULL),(174,19,174,'01-ABONO',NULL,NULL),(175,20,175,'02-JUEVES',NULL,NULL),(176,21,176,'03-VIERNES',NULL,NULL),(177,22,177,'04-SABADO',NULL,NULL),(178,19,178,'01-ABONO',NULL,NULL),(179,20,179,'02-JUEVES',NULL,NULL),(180,21,180,'03-VIERNES',NULL,NULL),(181,20,181,'02-JUEVES',NULL,NULL),(182,22,182,'04-SABADO',NULL,NULL),(183,19,183,'01-ABONO',NULL,NULL),(184,21,184,'03-VIERNES',NULL,NULL),(185,22,185,'04-SABADO',NULL,NULL),(186,19,186,'01-ABONO',NULL,NULL),(187,20,187,'02-JUEVES',NULL,NULL),(188,21,188,'03-VIERNES',NULL,NULL),(189,22,189,'04-SABADO',NULL,NULL),(190,39,190,'16-BUS ABONO',NULL,NULL),(191,40,191,'17-BUS JUEVES',NULL,NULL),(192,41,192,'18-BUS VIERNES',NULL,NULL),(193,42,193,'19-BUS SABADO',NULL,NULL),(194,23,194,'05-VIP',NULL,NULL),(195,24,195,'06-VIP JUEVES',NULL,NULL),(196,25,196,'07-VIP VIERNES',NULL,NULL),(197,26,197,'08-VIP SABADO',NULL,NULL),(198,19,198,'01-ABONO',NULL,NULL),(199,20,199,'02-JUEVES',NULL,NULL),(200,21,200,'03-VIERNES',NULL,NULL),(201,22,201,'04-SABADO',NULL,NULL),(202,27,202,'09-PREMIUM',NULL,NULL),(203,28,203,'10-PREMIUM JUEVES',NULL,NULL),(204,29,204,'11-PREMIUM VIERNES',NULL,NULL),(205,30,205,'12-PREMIUM SABADO',NULL,NULL),(206,19,206,'01-ABONO',NULL,NULL),(207,21,207,'03-VIERNES',NULL,NULL);
/*!40000 ALTER TABLE `easygoband_sessions` ENABLE KEYS */;
UNLOCK TABLES;

--
-- Table structure for table `failed_jobs`
--

DROP TABLE IF EXISTS `failed_jobs`;
/*!40101 SET @saved_cs_client     = @@character_set_client */;
/*!50503 SET character_set_client = utf8mb4 */;
CREATE TABLE `failed_jobs` (
  `id` bigint unsigned NOT NULL AUTO_INCREMENT,
  `uuid` varchar(255) COLLATE utf8mb4_unicode_ci NOT NULL,
  `connection` text COLLATE utf8mb4_unicode_ci NOT NULL,
  `queue` text COLLATE utf8mb4_unicode_ci NOT NULL,
  `payload` longtext COLLATE utf8mb4_unicode_ci NOT NULL,
  `exception` longtext COLLATE utf8mb4_unicode_ci NOT NULL,
  `failed_at` timestamp NOT NULL DEFAULT CURRENT_TIMESTAMP,
  PRIMARY KEY (`id`),
  UNIQUE KEY `failed_jobs_uuid_unique` (`uuid`)
) ENGINE=InnoDB DEFAULT CHARSET=utf8mb4 COLLATE=utf8mb4_unicode_ci;
/*!40101 SET character_set_client = @saved_cs_client */;

--
-- Dumping data for table `failed_jobs`
--

LOCK TABLES `failed_jobs` WRITE;
/*!40000 ALTER TABLE `failed_jobs` DISABLE KEYS */;
/*!40000 ALTER TABLE `failed_jobs` ENABLE KEYS */;
UNLOCK TABLES;

--
-- Table structure for table `migrations`
--

DROP TABLE IF EXISTS `migrations`;
/*!40101 SET @saved_cs_client     = @@character_set_client */;
/*!50503 SET character_set_client = utf8mb4 */;
CREATE TABLE `migrations` (
  `id` int unsigned NOT NULL AUTO_INCREMENT,
  `migration` varchar(255) COLLATE utf8mb4_unicode_ci NOT NULL,
  `batch` int NOT NULL,
  PRIMARY KEY (`id`)
) ENGINE=InnoDB AUTO_INCREMENT=7 DEFAULT CHARSET=utf8mb4 COLLATE=utf8mb4_unicode_ci;
/*!40101 SET character_set_client = @saved_cs_client */;

--
-- Dumping data for table `migrations`
--

LOCK TABLES `migrations` WRITE;
/*!40000 ALTER TABLE `migrations` DISABLE KEYS */;
INSERT INTO `migrations` VALUES (1,'2014_10_12_000000_create_users_table',1),(2,'2014_10_12_100000_create_password_resets_table',1),(3,'2019_08_19_000000_create_failed_jobs_table',1),(4,'2019_12_14_000001_create_personal_access_tokens_table',1),(5,'2022_03_20_014705_create_easygoband_providers',1),(6,'2022_03_20_014715_create_easygoband_sessions',1);
/*!40000 ALTER TABLE `migrations` ENABLE KEYS */;
UNLOCK TABLES;

--
-- Table structure for table `password_resets`
--

DROP TABLE IF EXISTS `password_resets`;
/*!40101 SET @saved_cs_client     = @@character_set_client */;
/*!50503 SET character_set_client = utf8mb4 */;
CREATE TABLE `password_resets` (
  `email` varchar(255) COLLATE utf8mb4_unicode_ci NOT NULL,
  `token` varchar(255) COLLATE utf8mb4_unicode_ci NOT NULL,
  `created_at` timestamp NULL DEFAULT NULL,
  KEY `password_resets_email_index` (`email`)
) ENGINE=InnoDB DEFAULT CHARSET=utf8mb4 COLLATE=utf8mb4_unicode_ci;
/*!40101 SET character_set_client = @saved_cs_client */;

--
-- Dumping data for table `password_resets`
--

LOCK TABLES `password_resets` WRITE;
/*!40000 ALTER TABLE `password_resets` DISABLE KEYS */;
/*!40000 ALTER TABLE `password_resets` ENABLE KEYS */;
UNLOCK TABLES;

--
-- Table structure for table `personal_access_tokens`
--

DROP TABLE IF EXISTS `personal_access_tokens`;
/*!40101 SET @saved_cs_client     = @@character_set_client */;
/*!50503 SET character_set_client = utf8mb4 */;
CREATE TABLE `personal_access_tokens` (
  `id` bigint unsigned NOT NULL AUTO_INCREMENT,
  `tokenable_type` varchar(255) COLLATE utf8mb4_unicode_ci NOT NULL,
  `tokenable_id` bigint unsigned NOT NULL,
  `name` varchar(255) COLLATE utf8mb4_unicode_ci NOT NULL,
  `token` varchar(64) COLLATE utf8mb4_unicode_ci NOT NULL,
  `abilities` text COLLATE utf8mb4_unicode_ci,
  `last_used_at` timestamp NULL DEFAULT NULL,
  `created_at` timestamp NULL DEFAULT NULL,
  `updated_at` timestamp NULL DEFAULT NULL,
  PRIMARY KEY (`id`),
  UNIQUE KEY `personal_access_tokens_token_unique` (`token`),
  KEY `personal_access_tokens_tokenable_type_tokenable_id_index` (`tokenable_type`,`tokenable_id`)
) ENGINE=InnoDB DEFAULT CHARSET=utf8mb4 COLLATE=utf8mb4_unicode_ci;
/*!40101 SET character_set_client = @saved_cs_client */;

--
-- Dumping data for table `personal_access_tokens`
--

LOCK TABLES `personal_access_tokens` WRITE;
/*!40000 ALTER TABLE `personal_access_tokens` DISABLE KEYS */;
/*!40000 ALTER TABLE `personal_access_tokens` ENABLE KEYS */;
UNLOCK TABLES;

--
-- Table structure for table `users`
--

DROP TABLE IF EXISTS `users`;
/*!40101 SET @saved_cs_client     = @@character_set_client */;
/*!50503 SET character_set_client = utf8mb4 */;
CREATE TABLE `users` (
  `id` bigint unsigned NOT NULL AUTO_INCREMENT,
  `name` varchar(255) COLLATE utf8mb4_unicode_ci NOT NULL,
  `email` varchar(255) COLLATE utf8mb4_unicode_ci NOT NULL,
  `email_verified_at` timestamp NULL DEFAULT NULL,
  `password` varchar(255) COLLATE utf8mb4_unicode_ci NOT NULL,
  `remember_token` varchar(100) COLLATE utf8mb4_unicode_ci DEFAULT NULL,
  `created_at` timestamp NULL DEFAULT NULL,
  `updated_at` timestamp NULL DEFAULT NULL,
  PRIMARY KEY (`id`),
  UNIQUE KEY `users_email_unique` (`email`)
) ENGINE=InnoDB DEFAULT CHARSET=utf8mb4 COLLATE=utf8mb4_unicode_ci;
/*!40101 SET character_set_client = @saved_cs_client */;

--
-- Dumping data for table `users`
--

LOCK TABLES `users` WRITE;
/*!40000 ALTER TABLE `users` DISABLE KEYS */;
/*!40000 ALTER TABLE `users` ENABLE KEYS */;
UNLOCK TABLES;
/*!40103 SET TIME_ZONE=@OLD_TIME_ZONE */;

/*!40101 SET SQL_MODE=@OLD_SQL_MODE */;
/*!40014 SET FOREIGN_KEY_CHECKS=@OLD_FOREIGN_KEY_CHECKS */;
/*!40014 SET UNIQUE_CHECKS=@OLD_UNIQUE_CHECKS */;
/*!40101 SET CHARACTER_SET_CLIENT=@OLD_CHARACTER_SET_CLIENT */;
/*!40101 SET CHARACTER_SET_RESULTS=@OLD_CHARACTER_SET_RESULTS */;
/*!40101 SET COLLATION_CONNECTION=@OLD_COLLATION_CONNECTION */;
/*!40111 SET SQL_NOTES=@OLD_SQL_NOTES */;

-- Dump completed on 2022-03-28 16:27:57
